{ 
  "TwitterKeys": {
    "apiKey": "yqSf0VFmbR78yDVUGrEBJLPlf",
    "apiSecret": "UTrcjThuVrwW1KnPBgeO6OGTCVL6u1G5LglgFtMgXQAbytj5M8",
    "bearer": "AAAAAAAAAAAAAAAAAAAAAHR1NgEAAAAA4Mm27ylDFG%2B56fl6v9aQHRvspsc%3DYRvrptVrINx6eakAfoaIDaYzKsZCZ9IsiRLUnixaJYEZ2z59G6",
    "accessToken": "134994281-DpvgbXED60imQFwaBM2b6u6lZpWQLhMKPKPOKVrp",
    "accessTokenSecret": "efHPW5r480CZKpaz7I27imCVP0O4RK8wbZ7aOQJZExgUS",
    "accessTokenBot": "1370030570890231810-dSZZvICp05O8qhRpwReoz8F8f9vRiN",
    "accessTokenSecretBot": "2wGmAol9tHG5X6hUX58pVcR8FnT5l1RGpo22RcyKCSVxV"
  },
  "BinanceKeys": {
    "public": "gqv6QLo33ZT1zXSjn6TwVtd1UDB670xH9E31AY5kvXugHPXdAEqAlVEYFW205EvD",
    "secret": "YF16NShNt7gBSUfRjK4lLWZy83pW3v0BXEPMqZFSrfveVnQ7trRyLRwrLZfZavxv"
  }
}
